Check_Time_UTC,Target_Sheet,Status,Notes
2025-12-14 18:27:19,December 12,FOUND,Row count: 80
2025-12-15 05:57:30,December 15,FOUND,Row count: 62
2025-12-15 06:03:04,December 15,FOUND,Row count: 62
2025-12-15 07:04:31,December 15,FOUND,Row count: 78
2025-12-15 08:02:59,December 15,FOUND,Row count: 78
2025-12-15 09:05:15,December 15,FOUND,Row count: 78
2025-12-15 10:03:00,December 15,FOUND,Row count: 78
2025-12-15 11:02:12,December 15,FOUND,Row count: 78
2025-12-15 12:03:06,December 15,FOUND,Row count: 78
2025-12-15 13:14:51,December 15,FOUND,Row count: 78
2025-12-15 14:03:42,December 15,FOUND,Row count: 78
2025-12-15 15:03:41,December 15,FOUND,Row count: 78
2025-12-15 16:03:12,December 15,FOUND,Row count: 78
2025-12-15 17:05:33,December 15,FOUND,Row count: 78
2025-12-15 18:02:51,December 15,FOUND,Row count: 78
2025-12-15 19:03:47,December 15,FOUND,Row count: 78
2025-12-15 20:02:35,December 15,FOUND,Row count: 78
2025-12-15 21:02:10,December 15,FOUND,Row count: 78
2025-12-15 22:02:11,December 15,FOUND,Row count: 78
2025-12-15 23:02:12,December 15,FOUND,Row count: 78
2025-12-16 00:06:39,December 16,FOUND,Row count: 76
2025-12-16 01:30:11,December 16,FOUND,Row count: 76
2025-12-16 02:34:22,December 16,FOUND,Row count: 76
2025-12-16 03:29:02,December 16,FOUND,Row count: 76
2025-12-16 04:12:07,December 16,FOUND,Row count: 9
2025-12-16 05:03:42,December 16,FOUND,Row count: 44
2025-12-16 06:02:54,December 16,FOUND,Row count: 76
2025-12-16 07:04:08,December 16,FOUND,Row count: 76
2025-12-16 08:02:51,December 16,FOUND,Row count: 76
2025-12-16 09:04:27,December 16,FOUND,Row count: 76
2025-12-16 10:02:47,December 16,FOUND,Row count: 76
2025-12-16 11:02:03,December 16,FOUND,Row count: 76
2025-12-16 12:03:05,December 16,FOUND,Row count: 76
2025-12-16 13:14:12,December 16,FOUND,Row count: 76
2025-12-16 14:03:12,December 16,FOUND,Row count: 76
2025-12-16 15:03:06,December 16,FOUND,Row count: 76
2025-12-16 16:02:53,December 16,FOUND,Row count: 76
2025-12-16 17:05:02,December 16,FOUND,Row count: 76
2025-12-16 18:03:00,December 16,FOUND,Row count: 76
2025-12-16 19:03:33,December 16,FOUND,Row count: 76
2025-12-16 20:02:36,December 16,FOUND,Row count: 76
2025-12-16 21:02:13,December 16,FOUND,Row count: 76
2025-12-16 22:02:05,December 16,FOUND,Row count: 76
2025-12-16 23:02:38,December 16,FOUND,Row count: 76
2025-12-17 00:04:57,December 17,FOUND,Row count: 76
2025-12-17 01:30:15,December 17,FOUND,Row count: 76
2025-12-17 02:32:20,December 17,FOUND,Row count: 76
2025-12-17 03:27:19,December 17,FOUND,Row count: 76
2025-12-17 04:09:29,December 17,FOUND,Row count: 76
2025-12-17 05:03:33,December 17,FOUND,Row count: 76
2025-12-17 06:02:53,December 17,FOUND,Row count: 76
2025-12-17 07:03:33,December 17,FOUND,Row count: 76
2025-12-17 08:02:45,December 17,FOUND,Row count: 76
2025-12-17 09:04:44,December 17,FOUND,Row count: 76
2025-12-17 10:02:45,December 17,FOUND,Row count: 76
2025-12-17 11:02:55,December 17,FOUND,Row count: 76
2025-12-17 12:02:57,December 17,FOUND,Row count: 76
2025-12-17 13:13:43,December 17,FOUND,Row count: 76
2025-12-17 14:02:24,December 17,FOUND,Row count: 76
2025-12-17 15:02:35,December 17,FOUND,Row count: 76
2025-12-17 16:02:51,December 17,FOUND,Row count: 76
2025-12-17 17:04:37,December 17,FOUND,Row count: 76
2025-12-17 18:02:59,December 17,FOUND,Row count: 76
2025-12-17 19:03:43,December 17,FOUND,Row count: 76
2025-12-17 20:02:38,December 17,FOUND,Row count: 76
2025-12-17 21:01:56,December 17,FOUND,Row count: 76
2025-12-17 22:02:24,December 17,FOUND,Row count: 76
2025-12-17 23:02:05,December 17,FOUND,Row count: 76
2025-12-18 00:05:06,December 18,FOUND,Row count: 76
2025-12-18 01:29:58,December 18,FOUND,Row count: 76
2025-12-18 02:32:20,December 18,FOUND,Row count: 76
2025-12-18 03:27:42,December 18,FOUND,Row count: 0
2025-12-18 04:09:59,December 18,FOUND,Row count: 13
2025-12-18 05:03:44,December 18,FOUND,Row count: 13
2025-12-18 06:02:55,December 18,FOUND,Row count: 13
2025-12-18 07:03:23,December 18,FOUND,Row count: 13
2025-12-18 08:02:43,December 18,FOUND,Row count: 62
2025-12-18 09:04:26,December 18,FOUND,Row count: 64
2025-12-18 10:02:19,December 18,FOUND,Row count: 64
2025-12-18 11:01:56,December 18,FOUND,Row count: 76
2025-12-18 12:03:04,December 18,FOUND,Row count: 76
2025-12-18 13:13:32,December 18,FOUND,Row count: 76
2025-12-18 14:02:56,December 18,FOUND,Row count: 76
2025-12-18 15:02:13,December 18,FOUND,Row count: 76
2025-12-18 16:02:30,December 18,FOUND,Row count: 76
2025-12-18 17:04:35,December 18,FOUND,Row count: 76
2025-12-18 18:03:07,December 18,FOUND,Row count: 76
2025-12-18 19:03:36,December 18,FOUND,Row count: 76
2025-12-18 20:02:09,December 18,FOUND,Row count: 76
2025-12-18 21:02:13,December 18,FOUND,Row count: 76
2025-12-18 22:02:36,December 18,FOUND,Row count: 76
2025-12-18 23:02:19,December 18,FOUND,Row count: 76
2025-12-19 00:06:26,December 19,FOUND,Row count: 76
2025-12-19 01:30:01,December 19,FOUND,Row count: 76
2025-12-19 02:33:42,December 19,FOUND,Row count: 76
2025-12-19 03:28:43,December 19,FOUND,Row count: 76
2025-12-19 04:11:40,December 19,FOUND,Row count: 1
2025-12-19 05:03:21,December 19,FOUND,Row count: 30
2025-12-19 06:02:38,December 19,FOUND,Row count: 55
2025-12-19 07:03:20,December 19,FOUND,Row count: 55
2025-12-19 08:02:49,December 19,FOUND,Row count: 55
2025-12-19 09:03:37,December 19,FOUND,Row count: 55
2025-12-19 10:02:48,December 19,FOUND,Row count: 71
2025-12-19 11:02:01,December 19,FOUND,Row count: 71
2025-12-19 12:02:49,December 19,FOUND,Row count: 71
2025-12-19 13:12:06,December 19,FOUND,Row count: 71
2025-12-19 14:02:08,December 19,FOUND,Row count: 71
2025-12-19 15:02:37,December 19,FOUND,Row count: 71
2025-12-19 16:02:36,December 19,FOUND,Row count: 71
2025-12-19 17:02:46,December 19,FOUND,Row count: 71
2025-12-19 18:02:40,December 19,FOUND,Row count: 71
2025-12-19 19:02:25,December 19,FOUND,Row count: 71
2025-12-19 20:02:32,December 19,FOUND,Row count: 71
2025-12-19 21:01:59,December 19,FOUND,Row count: 71
2025-12-19 22:02:38,December 19,FOUND,Row count: 71
2025-12-19 23:01:50,December 19,FOUND,Row count: 71
2025-12-20 00:05:56,December 19,FOUND,Row count: 71
2025-12-20 01:29:20,December 19,FOUND,Row count: 71
2025-12-20 02:30:53,December 19,FOUND,Row count: 71
2025-12-20 03:23:36,December 19,FOUND,Row count: 71
2025-12-20 04:05:19,December 19,FOUND,Row count: 71
2025-12-20 05:02:29,December 19,FOUND,Row count: 71
2025-12-20 06:02:33,December 19,FOUND,Row count: 71
2025-12-20 07:02:36,December 19,FOUND,Row count: 71
2025-12-20 08:02:37,December 19,FOUND,Row count: 71
2025-12-20 09:02:27,December 19,FOUND,Row count: 71
2025-12-20 10:01:54,December 19,FOUND,Row count: 71
2025-12-20 11:01:47,December 19,FOUND,Row count: 71
2025-12-20 12:02:47,December 19,FOUND,Row count: 71
2025-12-20 13:08:49,December 19,FOUND,Row count: 71
2025-12-20 14:01:57,December 19,FOUND,Row count: 71
2025-12-20 15:01:50,December 19,FOUND,Row count: 71
2025-12-20 16:02:27,December 19,FOUND,Row count: 71
2025-12-20 17:01:47,December 19,FOUND,Row count: 71
2025-12-20 18:02:27,December 19,FOUND,Row count: 71
2025-12-20 19:01:45,December 19,FOUND,Row count: 71
2025-12-20 20:02:09,December 19,FOUND,Row count: 71
2025-12-20 21:01:54,December 19,FOUND,Row count: 71
2025-12-20 22:01:59,December 19,FOUND,Row count: 71
2025-12-20 23:02:21,December 19,FOUND,Row count: 71
2025-12-21 00:06:05,December 19,FOUND,Row count: 71
2025-12-21 01:30:12,December 19,FOUND,Row count: 71
2025-12-21 02:38:19,December 19,FOUND,Row count: 71
2025-12-21 03:29:50,December 19,FOUND,Row count: 71
2025-12-21 04:14:12,December 19,FOUND,Row count: 71
2025-12-21 05:02:59,December 19,FOUND,Row count: 71
2025-12-21 06:02:37,December 19,FOUND,Row count: 71
2025-12-21 07:02:07,December 19,FOUND,Row count: 71
2025-12-21 08:02:33,December 19,FOUND,Row count: 71
2025-12-21 09:02:36,December 19,FOUND,Row count: 71
2025-12-21 10:01:46,December 19,FOUND,Row count: 71
2025-12-21 11:01:40,December 19,FOUND,Row count: 71
2025-12-21 12:02:51,December 19,FOUND,Row count: 71
2025-12-21 13:09:11,December 19,FOUND,Row count: 71
2025-12-21 14:02:01,December 19,FOUND,Row count: 71
2025-12-21 15:02:07,December 19,FOUND,Row count: 71
2025-12-21 16:02:26,December 19,FOUND,Row count: 71
2025-12-21 17:02:16,December 19,FOUND,Row count: 71
2025-12-21 18:02:30,December 19,FOUND,Row count: 71
2025-12-21 19:01:39,December 19,FOUND,Row count: 71
2025-12-21 20:02:01,December 19,FOUND,Row count: 71
2025-12-21 21:02:00,December 19,FOUND,Row count: 71
2025-12-21 22:01:52,December 19,FOUND,Row count: 71
2025-12-21 23:01:46,December 19,FOUND,Row count: 71
2025-12-22 00:06:11,December 22,FOUND,Row count: 76
2025-12-22 01:30:24,December 22,FOUND,Row count: 76
2025-12-22 02:38:23,December 22,FOUND,Row count: 76
2025-12-22 03:30:33,December 22,FOUND,Row count: 76
2025-12-22 04:16:14,December 22,FOUND,Row count: 1
2025-12-22 05:04:19,December 22,FOUND,Row count: 57
2025-12-22 06:02:52,December 22,FOUND,Row count: 76
2025-12-22 07:04:21,December 22,FOUND,Row count: 76
2025-12-22 08:02:48,December 22,FOUND,Row count: 76
2025-12-22 09:04:00,December 22,FOUND,Row count: 76
2025-12-22 10:02:34,December 22,FOUND,Row count: 76
2025-12-22 11:01:48,December 22,FOUND,Row count: 76
2025-12-22 12:03:00,December 22,FOUND,Row count: 76
2025-12-22 13:12:25,December 22,FOUND,Row count: 76
2025-12-22 14:02:08,December 22,FOUND,Row count: 76
2025-12-22 15:02:32,December 22,FOUND,Row count: 76
2025-12-22 16:02:24,December 22,FOUND,Row count: 76
2025-12-22 17:02:27,December 22,FOUND,Row count: 76
2025-12-22 18:02:46,December 22,FOUND,Row count: 76
2025-12-22 19:02:29,December 22,FOUND,Row count: 76
2025-12-22 20:02:33,December 22,FOUND,Row count: 76
2025-12-22 21:02:03,December 22,FOUND,Row count: 76
2025-12-22 22:02:26,December 22,FOUND,Row count: 76
2025-12-22 23:02:03,December 22,FOUND,Row count: 76
2025-12-23 00:05:58,December 23,FOUND,Row count: 76
2025-12-23 01:30:13,December 23,FOUND,Row count: 76
2025-12-23 02:35:12,December 23,FOUND,Row count: 76
2025-12-23 03:29:43,December 23,FOUND,Row count: 76
2025-12-23 04:13:51,December 23,FOUND,Row count: 8
2025-12-23 05:03:52,December 23,FOUND,Row count: 26
2025-12-23 06:02:49,December 23,FOUND,Row count: 72
2025-12-23 07:04:12,December 23,FOUND,Row count: 72
2025-12-23 08:02:36,December 23,FOUND,Row count: 72
2025-12-23 09:04:11,December 23,FOUND,Row count: 72
2025-12-23 10:02:47,December 23,FOUND,Row count: 72
2025-12-23 11:01:54,December 23,FOUND,Row count: 72
2025-12-23 12:02:51,December 23,FOUND,Row count: 72
2025-12-23 13:13:24,December 23,FOUND,Row count: 72
2025-12-23 14:01:58,December 23,FOUND,Row count: 72
2025-12-23 15:02:41,December 23,FOUND,Row count: 72
2025-12-23 16:02:51,December 23,FOUND,Row count: 72
2025-12-23 17:03:22,December 23,FOUND,Row count: 72
2025-12-23 18:02:41,December 23,FOUND,Row count: 72
2025-12-23 19:03:22,December 23,FOUND,Row count: 72
2025-12-23 20:01:53,December 23,FOUND,Row count: 72
2025-12-23 21:02:11,December 23,FOUND,Row count: 72
2025-12-23 22:02:39,December 23,FOUND,Row count: 72
2025-12-23 23:02:27,December 23,FOUND,Row count: 72
2025-12-24 00:05:57,December 24,FOUND,Row count: 76
2025-12-24 01:30:01,December 24,FOUND,Row count: 76
2025-12-24 02:33:17,December 24,FOUND,Row count: 76
2025-12-24 03:28:53,December 24,FOUND,Row count: 76
2025-12-24 04:12:19,December 24,FOUND,Row count: 3
2025-12-24 05:04:17,December 24,FOUND,Row count: 21
2025-12-24 06:02:49,December 24,FOUND,Row count: 55
2025-12-24 07:03:53,December 24,FOUND,Row count: 75
2025-12-24 08:02:42,December 24,FOUND,Row count: 75
2025-12-24 09:04:06,December 24,FOUND,Row count: 75
2025-12-24 10:02:11,December 24,FOUND,Row count: 75
2025-12-24 11:01:55,December 24,FOUND,Row count: 75
2025-12-24 12:02:51,December 24,FOUND,Row count: 75
2025-12-24 13:11:58,December 24,FOUND,Row count: 75
2025-12-24 14:02:31,December 24,FOUND,Row count: 75
2025-12-24 15:02:28,December 24,FOUND,Row count: 75
2025-12-24 16:02:39,December 24,FOUND,Row count: 75
2025-12-24 17:01:45,December 24,FOUND,Row count: 75
2025-12-24 18:02:45,December 24,FOUND,Row count: 75
2025-12-24 19:01:42,December 24,FOUND,Row count: 75
2025-12-24 20:02:31,December 24,FOUND,Row count: 75
2025-12-24 21:01:41,December 24,FOUND,Row count: 75
2025-12-24 22:02:27,December 24,FOUND,Row count: 75
2025-12-24 23:02:06,December 24,FOUND,Row count: 75
2025-12-25 00:05:52,December 25,FOUND,Row count: 76
2025-12-25 01:30:09,December 25,FOUND,Row count: 76
2025-12-25 02:35:17,December 25,FOUND,Row count: 76
2025-12-25 03:29:33,December 25,FOUND,Row count: 76
2025-12-25 04:13:41,December 25,FOUND,Row count: 76
2025-12-25 05:04:27,December 25,FOUND,Row count: 76
2025-12-25 06:02:49,December 25,FOUND,Row count: 76
2025-12-25 07:03:39,December 25,FOUND,Row count: 2
2025-12-25 08:02:32,December 25,FOUND,Row count: 2
2025-12-25 09:02:48,December 25,FOUND,Row count: 2
2025-12-25 10:02:28,December 25,FOUND,Row count: 40
2025-12-25 11:01:51,December 25,FOUND,Row count: 66
2025-12-25 12:02:43,December 25,FOUND,Row count: 68
2025-12-25 13:11:47,December 25,FOUND,Row count: 75
2025-12-25 14:01:52,December 25,FOUND,Row count: 75
2025-12-25 15:02:01,December 25,FOUND,Row count: 75
2025-12-25 16:02:34,December 25,FOUND,Row count: 75
2025-12-25 17:01:52,December 25,FOUND,Row count: 75
2025-12-25 18:02:36,December 25,FOUND,Row count: 75
2025-12-25 19:01:50,December 25,FOUND,Row count: 75
2025-12-25 20:02:13,December 25,FOUND,Row count: 75
2025-12-25 21:02:03,December 25,FOUND,Row count: 75
2025-12-25 22:01:57,December 25,FOUND,Row count: 75
2025-12-25 23:01:50,December 25,FOUND,Row count: 75
2025-12-26 00:06:00,December 26,FOUND,Row count: 76
2025-12-26 01:29:59,December 26,FOUND,Row count: 76
2025-12-26 02:34:17,December 26,FOUND,Row count: 76
2025-12-26 03:29:08,December 26,FOUND,Row count: 76
2025-12-26 04:11:40,December 26,FOUND,Row count: 76
2025-12-26 05:03:12,December 26,FOUND,Row count: 0
2025-12-26 06:02:40,December 26,FOUND,Row count: 15
2025-12-26 07:03:27,December 26,FOUND,Row count: 15
2025-12-26 08:02:37,December 26,FOUND,Row count: 53
2025-12-26 09:02:33,December 26,FOUND,Row count: 76
2025-12-26 10:02:32,December 26,FOUND,Row count: 76
2025-12-26 11:01:54,December 26,FOUND,Row count: 76
2025-12-26 12:02:48,December 26,FOUND,Row count: 76
2025-12-26 13:12:04,December 26,FOUND,Row count: 76
2025-12-26 14:02:19,December 26,FOUND,Row count: 76
2025-12-26 15:02:25,December 26,FOUND,Row count: 76
2025-12-26 16:02:29,December 26,FOUND,Row count: 76
2025-12-26 17:02:01,December 26,FOUND,Row count: 76
2025-12-26 18:02:40,December 26,FOUND,Row count: 76
2025-12-26 19:01:39,December 26,FOUND,Row count: 76
2025-12-26 20:02:25,December 26,FOUND,Row count: 76
2025-12-26 21:01:47,December 26,FOUND,Row count: 76
2025-12-26 22:01:48,December 26,FOUND,Row count: 76
2025-12-26 23:02:08,December 26,FOUND,Row count: 76
2025-12-27 00:06:04,December 26,FOUND,Row count: 76
2025-12-27 01:30:00,December 26,FOUND,Row count: 76
2025-12-27 02:32:35,December 26,FOUND,Row count: 76
2025-12-27 03:28:41,December 26,FOUND,Row count: 76
2025-12-27 04:09:19,December 26,FOUND,Row count: 76
2025-12-27 05:02:59,December 26,FOUND,Row count: 76
2025-12-27 06:02:42,December 26,FOUND,Row count: 76
2025-12-27 07:02:35,December 26,FOUND,Row count: 76
2025-12-27 08:02:38,December 26,FOUND,Row count: 76
2025-12-27 09:02:02,December 26,FOUND,Row count: 76
2025-12-27 10:02:20,December 26,FOUND,Row count: 76
2025-12-27 11:01:50,December 26,FOUND,Row count: 76
2025-12-27 12:02:52,December 26,FOUND,Row count: 76
2025-12-27 13:09:52,December 26,FOUND,Row count: 76
2025-12-27 14:01:54,December 26,FOUND,Row count: 76
2025-12-27 15:02:18,December 26,FOUND,Row count: 76
2025-12-27 16:01:50,December 26,FOUND,Row count: 76
2025-12-27 17:01:43,December 26,FOUND,Row count: 76
2025-12-27 18:02:33,December 26,FOUND,Row count: 76
2025-12-27 19:01:46,December 26,FOUND,Row count: 76
2025-12-27 20:01:54,December 26,FOUND,Row count: 76
2025-12-27 21:02:21,December 26,FOUND,Row count: 76
2025-12-27 22:02:25,December 26,FOUND,Row count: 76
2025-12-27 23:02:15,December 26,FOUND,Row count: 76
2025-12-28 00:06:20,December 26,FOUND,Row count: 76
2025-12-28 01:30:25,December 26,FOUND,Row count: 76
2025-12-28 02:43:46,December 26,FOUND,Row count: 76
2025-12-28 03:31:33,December 26,FOUND,Row count: 76
2025-12-28 04:18:37,December 26,FOUND,Row count: 76
2025-12-28 05:05:31,December 26,FOUND,Row count: 76
2025-12-28 06:02:43,December 26,FOUND,Row count: 76
2025-12-28 07:02:49,December 26,FOUND,Row count: 76
2025-12-28 08:02:38,December 26,FOUND,Row count: 76
2025-12-28 09:02:29,December 26,FOUND,Row count: 76
2025-12-28 10:02:25,December 26,FOUND,Row count: 76
2025-12-28 11:01:53,December 26,FOUND,Row count: 76
2025-12-28 12:02:52,December 26,FOUND,Row count: 76
2025-12-28 13:10:35,December 26,FOUND,Row count: 76
2025-12-28 14:02:08,December 26,FOUND,Row count: 76
2025-12-28 15:02:28,December 26,FOUND,Row count: 76
2025-12-28 16:02:29,December 26,FOUND,Row count: 76
2025-12-28 17:01:49,December 26,FOUND,Row count: 76
2025-12-28 18:02:40,December 26,FOUND,Row count: 76
2025-12-28 19:01:48,December 26,FOUND,Row count: 76
2025-12-28 20:02:24,December 26,FOUND,Row count: 76
2025-12-28 21:02:19,December 26,FOUND,Row count: 76
2025-12-28 22:02:28,December 26,FOUND,Row count: 76
2025-12-28 23:01:56,December 26,FOUND,Row count: 76
2025-12-29 00:06:28,December 29,FOUND,Row count: 76
2025-12-29 01:30:25,December 29,FOUND,Row count: 76
2025-12-29 02:42:30,December 29,FOUND,Row count: 76
2025-12-29 03:31:46,December 29,FOUND,Row count: 76
2025-12-29 04:20:23,December 29,FOUND,Row count: 0
2025-12-29 05:08:02,December 29,FOUND,Row count: 20
2025-12-29 06:03:14,December 29,FOUND,Row count: 71
2025-12-29 07:05:26,December 29,FOUND,Row count: 78
2025-12-29 08:02:42,December 29,FOUND,Row count: 78
2025-12-29 09:04:34,December 29,FOUND,Row count: 78
2025-12-29 10:02:44,December 29,FOUND,Row count: 78
2025-12-29 11:02:00,December 29,FOUND,Row count: 78
2025-12-29 12:03:02,December 29,FOUND,Row count: 78
2025-12-29 13:13:50,December 29,FOUND,Row count: 78
2025-12-29 14:02:20,December 29,FOUND,Row count: 78
2025-12-29 15:02:42,December 29,FOUND,Row count: 78
2025-12-29 16:02:43,December 29,FOUND,Row count: 78
2025-12-29 17:02:12,December 29,FOUND,Row count: 78
2025-12-29 18:02:51,December 29,FOUND,Row count: 78
2025-12-29 19:02:01,December 29,FOUND,Row count: 78
2025-12-29 20:01:59,December 29,FOUND,Row count: 78
2025-12-29 21:01:56,December 29,FOUND,Row count: 78
2025-12-29 22:01:47,December 29,FOUND,Row count: 78
2025-12-29 23:01:52,December 29,FOUND,Row count: 78
2025-12-30 00:06:00,December 30,FOUND,Row count: 76
2025-12-30 01:30:11,December 30,FOUND,Row count: 76
2025-12-30 02:35:36,December 30,FOUND,Row count: 76
2025-12-30 03:29:24,December 30,FOUND,Row count: 76
2025-12-30 04:14:56,December 30,FOUND,Row count: 76
2025-12-30 05:04:55,December 30,FOUND,Row count: 76
2025-12-30 06:02:43,December 30,FOUND,Row count: 76
2025-12-30 07:03:37,December 30,FOUND,Row count: 76
2025-12-30 08:02:36,December 30,FOUND,Row count: 76
2025-12-30 09:03:57,December 30,FOUND,Row count: 76
2025-12-30 10:02:35,December 30,FOUND,Row count: 76
2025-12-30 11:01:59,December 30,FOUND,Row count: 76
2025-12-30 12:02:58,December 30,FOUND,Row count: 76
2025-12-30 13:13:34,December 30,FOUND,Row count: 76
2025-12-30 14:01:55,December 30,FOUND,Row count: 76
2025-12-30 15:02:22,December 30,FOUND,Row count: 76
2025-12-30 16:02:33,December 30,FOUND,Row count: 76
2025-12-30 17:03:07,December 30,FOUND,Row count: 76
2025-12-30 18:02:40,December 30,FOUND,Row count: 76
2025-12-30 19:02:26,December 30,FOUND,Row count: 76
2025-12-30 20:02:33,December 30,FOUND,Row count: 76
2025-12-30 21:01:43,December 30,FOUND,Row count: 76
2025-12-30 22:01:49,December 30,FOUND,Row count: 76
2025-12-30 23:02:21,December 30,FOUND,Row count: 76
2025-12-31 00:06:12,December 31,FOUND,Row count: 76
2025-12-31 01:30:02,December 31,FOUND,Row count: 76
2025-12-31 02:35:34,December 31,FOUND,Row count: 76
2025-12-31 03:29:22,December 31,FOUND,Row count: 76
2025-12-31 04:14:46,December 31,FOUND,Row count: 76
2025-12-31 05:04:33,December 31,FOUND,Row count: 17
2025-12-31 06:02:43,December 31,FOUND,Row count: 53
2025-12-31 07:04:14,December 31,FOUND,Row count: 53
2025-12-31 08:02:45,December 31,FOUND,Row count: 64
2025-12-31 09:03:44,December 31,FOUND,Row count: 76
2025-12-31 10:02:26,December 31,FOUND,Row count: 76
2025-12-31 11:01:52,December 31,FOUND,Row count: 76
2025-12-31 12:02:44,December 31,FOUND,Row count: 76
2025-12-31 13:12:02,December 31,FOUND,Row count: 76
2025-12-31 14:02:27,December 31,FOUND,Row count: 76
2025-12-31 15:02:12,December 31,FOUND,Row count: 76
2025-12-31 16:02:19,December 31,FOUND,Row count: 76
2025-12-31 17:01:50,December 31,FOUND,Row count: 76
2025-12-31 18:02:40,December 31,FOUND,Row count: 76
2025-12-31 19:02:01,December 31,FOUND,Row count: 76
2025-12-31 20:02:25,December 31,FOUND,Row count: 76
2025-12-31 21:02:22,December 31,FOUND,Row count: 76
2025-12-31 22:02:12,December 31,FOUND,Row count: 76
2025-12-31 23:01:57,December 31,FOUND,Row count: 76
2026-01-01 00:06:28,January 1,FOUND,Row count: 76
2026-01-01 01:30:39,January 1,FOUND,Row count: 76
2026-01-01 02:44:08,January 1,FOUND,Row count: 76
2026-01-01 03:32:06,January 1,FOUND,Row count: 76
2026-01-01 04:20:03,January 1,FOUND,Row count: 76
2026-01-01 05:07:14,January 1,FOUND,Row count: 76
2026-01-01 06:02:53,January 1,FOUND,Row count: 76
2026-01-01 07:03:54,January 1,FOUND,Row count: 76
2026-01-01 08:02:38,January 1,FOUND,Row count: 76
2026-01-01 09:03:41,January 1,FOUND,Row count: 76
2026-01-01 10:02:27,January 1,FOUND,Row count: 76
2026-01-01 11:02:29,January 1,FOUND,Row count: 76
2026-01-01 12:02:55,January 1,FOUND,Row count: 76
2026-01-01 13:12:05,January 1,FOUND,Row count: 76
2026-01-01 14:02:25,January 1,FOUND,Row count: 76
2026-01-01 15:02:32,January 1,FOUND,Row count: 76
2026-01-01 16:02:32,January 1,FOUND,Row count: 76
2026-01-01 17:03:08,January 1,FOUND,Row count: 76
2026-01-01 18:02:47,January 1,FOUND,Row count: 76
2026-01-01 19:01:59,January 1,FOUND,Row count: 76
2026-01-01 20:02:09,January 1,FOUND,Row count: 76
2026-01-01 21:02:09,January 1,FOUND,Row count: 76
2026-01-01 22:02:26,January 1,FOUND,Row count: 76
2026-01-01 23:01:50,January 1,FOUND,Row count: 76
2026-01-02 00:06:12,January 2,FOUND,Row count: 76
2026-01-02 01:30:00,January 2,FOUND,Row count: 76
2026-01-02 02:37:16,January 2,FOUND,Row count: 76
2026-01-02 03:30:22,January 2,FOUND,Row count: 76
2026-01-02 04:15:45,January 2,FOUND,Row count: 76
2026-01-02 05:05:13,January 2,FOUND,Row count: 0
2026-01-02 06:02:46,January 2,FOUND,Row count: 20
2026-01-02 07:04:02,January 2,FOUND,Row count: 53
2026-01-02 08:02:39,January 2,FOUND,Row count: 76
2026-01-02 09:03:25,January 2,FOUND,Row count: 77
2026-01-02 10:02:23,January 2,FOUND,Row count: 77
2026-01-02 11:02:26,January 2,FOUND,Row count: 77
2026-01-02 12:02:43,January 2,FOUND,Row count: 77
2026-01-02 13:11:44,January 2,FOUND,Row count: 77
2026-01-02 14:02:20,January 2,FOUND,Row count: 77
2026-01-02 15:02:04,January 2,FOUND,Row count: 77
2026-01-02 16:02:29,January 2,FOUND,Row count: 77
2026-01-02 17:02:11,January 2,FOUND,Row count: 77
2026-01-02 18:02:38,January 2,FOUND,Row count: 77
2026-01-02 19:01:51,January 2,FOUND,Row count: 77
2026-01-02 20:02:25,January 2,FOUND,Row count: 77
2026-01-02 21:01:58,January 2,FOUND,Row count: 77
2026-01-02 22:01:48,January 2,FOUND,Row count: 77
2026-01-02 23:02:09,January 2,ERROR,Failed to fetch sheet 'January 2': 401 Client Error: Unauthorized for url: https://docs.google.com/s
2026-01-03 00:05:50,January 2,ERROR,Failed to fetch sheet 'January 2': 401 Client Error: Unauthorized for url: https://docs.google.com/s
2026-01-03 01:29:50,January 2,ERROR,Failed to fetch sheet 'January 2': 401 Client Error: Unauthorized for url: https://docs.google.com/s
2026-01-03 02:32:12,January 2,ERROR,Failed to fetch sheet 'January 2': 401 Client Error: Unauthorized for url: https://docs.google.com/s
2026-01-03 03:28:09,January 2,ERROR,Failed to fetch sheet 'January 2': 401 Client Error: Unauthorized for url: https://docs.google.com/s
2026-01-03 04:09:25,January 2,ERROR,Failed to fetch sheet 'January 2': 401 Client Error: Unauthorized for url: https://docs.google.com/s
2026-01-03 05:02:46,January 2,ERROR,Failed to fetch sheet 'January 2': 401 Client Error: Unauthorized for url: https://docs.google.com/s
2026-01-03 06:02:44,January 2,ERROR,Failed to fetch sheet 'January 2': 401 Client Error: Unauthorized for url: https://docs.google.com/s
2026-01-03 07:02:26,January 2,ERROR,Failed to fetch sheet 'January 2': 401 Client Error: Unauthorized for url: https://docs.google.com/s
2026-01-03 08:02:25,January 2,ERROR,Failed to fetch sheet 'January 2': 401 Client Error: Unauthorized for url: https://docs.google.com/s
2026-01-03 09:02:27,January 2,ERROR,Failed to fetch sheet 'January 2': 401 Client Error: Unauthorized for url: https://docs.google.com/s
2026-01-03 10:02:20,January 2,ERROR,Failed to fetch sheet 'January 2': 401 Client Error: Unauthorized for url: https://docs.google.com/s
2026-01-03 11:02:00,January 2,ERROR,Failed to fetch sheet 'January 2': 401 Client Error: Unauthorized for url: https://docs.google.com/s
2026-01-03 12:02:43,January 2,ERROR,Failed to fetch sheet 'January 2': 401 Client Error: Unauthorized for url: https://docs.google.com/s
2026-01-03 13:10:06,January 2,ERROR,Failed to fetch sheet 'January 2': 401 Client Error: Unauthorized for url: https://docs.google.com/s
2026-01-03 14:01:49,January 2,ERROR,Failed to fetch sheet 'January 2': 401 Client Error: Unauthorized for url: https://docs.google.com/s
2026-01-03 15:01:43,January 2,ERROR,Failed to fetch sheet 'January 2': 401 Client Error: Unauthorized for url: https://docs.google.com/s
2026-01-03 16:02:31,January 2,ERROR,Failed to fetch sheet 'January 2': 401 Client Error: Unauthorized for url: https://docs.google.com/s
2026-01-03 17:01:51,January 2,ERROR,Failed to fetch sheet 'January 2': 401 Client Error: Unauthorized for url: https://docs.google.com/s
2026-01-03 18:02:37,January 2,ERROR,Failed to fetch sheet 'January 2': 401 Client Error: Unauthorized for url: https://docs.google.com/s
2026-01-03 19:01:49,January 2,ERROR,Failed to fetch sheet 'January 2': 401 Client Error: Unauthorized for url: https://docs.google.com/s
2026-01-03 20:02:24,January 2,ERROR,Failed to fetch sheet 'January 2': 401 Client Error: Unauthorized for url: https://docs.google.com/s
2026-01-03 21:01:57,January 2,ERROR,Failed to fetch sheet 'January 2': 401 Client Error: Unauthorized for url: https://docs.google.com/s
2026-01-03 22:01:59,January 2,ERROR,Failed to fetch sheet 'January 2': 401 Client Error: Unauthorized for url: https://docs.google.com/s
2026-01-03 23:02:33,January 2,ERROR,Failed to fetch sheet 'January 2': 401 Client Error: Unauthorized for url: https://docs.google.com/s
2026-01-04 00:06:14,January 2,ERROR,Failed to fetch sheet 'January 2': 401 Client Error: Unauthorized for url: https://docs.google.com/s
2026-01-04 01:30:51,January 2,ERROR,Failed to fetch sheet 'January 2': 401 Client Error: Unauthorized for url: https://docs.google.com/s
2026-01-04 02:45:00,January 2,ERROR,Failed to fetch sheet 'January 2': 401 Client Error: Unauthorized for url: https://docs.google.com/s
2026-01-04 03:31:57,January 2,ERROR,Failed to fetch sheet 'January 2': 401 Client Error: Unauthorized for url: https://docs.google.com/s
2026-01-04 04:20:41,January 2,ERROR,Failed to fetch sheet 'January 2': 401 Client Error: Unauthorized for url: https://docs.google.com/s
2026-01-04 05:07:21,January 2,ERROR,Failed to fetch sheet 'January 2': 401 Client Error: Unauthorized for url: https://docs.google.com/s
2026-01-04 06:02:49,January 2,ERROR,Failed to fetch sheet 'January 2': 401 Client Error: Unauthorized for url: https://docs.google.com/s
2026-01-04 07:03:27,January 2,ERROR,Failed to fetch sheet 'January 2': 401 Client Error: Unauthorized for url: https://docs.google.com/s
2026-01-04 08:02:39,January 2,ERROR,Failed to fetch sheet 'January 2': 401 Client Error: Unauthorized for url: https://docs.google.com/s
2026-01-04 09:02:17,January 2,ERROR,Failed to fetch sheet 'January 2': 401 Client Error: Unauthorized for url: https://docs.google.com/s
2026-01-04 10:02:17,January 2,ERROR,Failed to fetch sheet 'January 2': 401 Client Error: Unauthorized for url: https://docs.google.com/s
2026-01-04 11:01:46,January 2,ERROR,Failed to fetch sheet 'January 2': 401 Client Error: Unauthorized for url: https://docs.google.com/s
2026-01-04 12:02:56,January 2,ERROR,Failed to fetch sheet 'January 2': 401 Client Error: Unauthorized for url: https://docs.google.com/s
2026-01-04 13:10:43,January 2,ERROR,Failed to fetch sheet 'January 2': 401 Client Error: Unauthorized for url: https://docs.google.com/s
2026-01-04 14:02:09,January 2,ERROR,Failed to fetch sheet 'January 2': 401 Client Error: Unauthorized for url: https://docs.google.com/s
2026-01-04 15:01:53,January 2,ERROR,Failed to fetch sheet 'January 2': 401 Client Error: Unauthorized for url: https://docs.google.com/s
2026-01-04 16:02:22,January 2,ERROR,Failed to fetch sheet 'January 2': 401 Client Error: Unauthorized for url: https://docs.google.com/s
2026-01-04 17:01:54,January 2,ERROR,Failed to fetch sheet 'January 2': 401 Client Error: Unauthorized for url: https://docs.google.com/s
2026-01-04 18:02:33,January 2,ERROR,Failed to fetch sheet 'January 2': 401 Client Error: Unauthorized for url: https://docs.google.com/s
2026-01-04 19:01:44,January 2,ERROR,Failed to fetch sheet 'January 2': 401 Client Error: Unauthorized for url: https://docs.google.com/s
2026-01-04 20:02:30,January 2,ERROR,Failed to fetch sheet 'January 2': 401 Client Error: Unauthorized for url: https://docs.google.com/s
2026-01-04 21:02:05,January 2,ERROR,Failed to fetch sheet 'January 2': 401 Client Error: Unauthorized for url: https://docs.google.com/s
2026-01-04 22:02:01,January 2,ERROR,Failed to fetch sheet 'January 2': 401 Client Error: Unauthorized for url: https://docs.google.com/s
2026-01-04 23:02:24,January 2,ERROR,Failed to fetch sheet 'January 2': 401 Client Error: Unauthorized for url: https://docs.google.com/s
2026-01-05 00:06:25,January 5,ERROR,Failed to fetch sheet 'January 5': 401 Client Error: Unauthorized for url: https://docs.google.com/s
2026-01-05 01:30:37,January 5,ERROR,Failed to fetch sheet 'January 5': 401 Client Error: Unauthorized for url: https://docs.google.com/s
2026-01-05 02:45:06,January 5,ERROR,Failed to fetch sheet 'January 5': 401 Client Error: Unauthorized for url: https://docs.google.com/s
2026-01-05 03:34:32,January 5,ERROR,Failed to fetch sheet 'January 5': 401 Client Error: Unauthorized for url: https://docs.google.com/s
2026-01-05 04:24:25,January 5,ERROR,Failed to fetch sheet 'January 5': 401 Client Error: Unauthorized for url: https://docs.google.com/s
2026-01-05 05:12:07,January 5,ERROR,Failed to fetch sheet 'January 5': 401 Client Error: Unauthorized for url: https://docs.google.com/s
2026-01-05 06:04:51,January 5,ERROR,Failed to fetch sheet 'January 5': 401 Client Error: Unauthorized for url: https://docs.google.com/s
2026-01-05 07:07:37,January 5,ERROR,Failed to fetch sheet 'January 5': 401 Client Error: Unauthorized for url: https://docs.google.com/s
2026-01-05 08:02:48,January 5,ERROR,Failed to fetch sheet 'January 5': 401 Client Error: Unauthorized for url: https://docs.google.com/s
2026-01-05 09:05:34,January 5,ERROR,Failed to fetch sheet 'January 5': 401 Client Error: Unauthorized for url: https://docs.google.com/s
2026-01-05 10:03:03,January 5,ERROR,Failed to fetch sheet 'January 5': 401 Client Error: Unauthorized for url: https://docs.google.com/s
2026-01-05 11:02:23,January 5,ERROR,Failed to fetch sheet 'January 5': 401 Client Error: Unauthorized for url: https://docs.google.com/s
2026-01-05 12:03:00,January 5,ERROR,Failed to fetch sheet 'January 5': 401 Client Error: Unauthorized for url: https://docs.google.com/s
2026-01-05 13:15:18,January 5,ERROR,Failed to fetch sheet 'January 5': 401 Client Error: Unauthorized for url: https://docs.google.com/s
2026-01-05 14:03:34,January 5,ERROR,Failed to fetch sheet 'January 5': 401 Client Error: Unauthorized for url: https://docs.google.com/s
2026-01-05 15:03:12,January 5,ERROR,Failed to fetch sheet 'January 5': 401 Client Error: Unauthorized for url: https://docs.google.com/s
2026-01-05 16:02:35,January 5,ERROR,Failed to fetch sheet 'January 5': 401 Client Error: Unauthorized for url: https://docs.google.com/s
2026-01-05 17:03:51,January 5,ERROR,Failed to fetch sheet 'January 5': 401 Client Error: Unauthorized for url: https://docs.google.com/s
2026-01-05 18:03:02,January 5,ERROR,Failed to fetch sheet 'January 5': 401 Client Error: Unauthorized for url: https://docs.google.com/s
2026-01-05 19:04:06,January 5,ERROR,Failed to fetch sheet 'January 5': 401 Client Error: Unauthorized for url: https://docs.google.com/s
2026-01-05 20:02:15,January 5,ERROR,Failed to fetch sheet 'January 5': 401 Client Error: Unauthorized for url: https://docs.google.com/s
2026-01-05 21:01:57,January 5,ERROR,Failed to fetch sheet 'January 5': 401 Client Error: Unauthorized for url: https://docs.google.com/s
2026-01-05 22:01:54,January 5,ERROR,Failed to fetch sheet 'January 5': 401 Client Error: Unauthorized for url: https://docs.google.com/s
2026-01-05 23:01:58,January 5,ERROR,Failed to fetch sheet 'January 5': 401 Client Error: Unauthorized for url: https://docs.google.com/s
2026-01-06 00:06:14,January 6,ERROR,Failed to fetch sheet 'January 6': 401 Client Error: Unauthorized for url: https://docs.google.com/s
2026-01-06 01:30:08,January 6,ERROR,Failed to fetch sheet 'January 6': 401 Client Error: Unauthorized for url: https://docs.google.com/s
2026-01-06 02:36:58,January 6,ERROR,Failed to fetch sheet 'January 6': 401 Client Error: Unauthorized for url: https://docs.google.com/s
2026-01-06 03:29:59,January 6,ERROR,Failed to fetch sheet 'January 6': 401 Client Error: Unauthorized for url: https://docs.google.com/s
2026-01-06 04:15:16,January 6,ERROR,Failed to fetch sheet 'January 6': 401 Client Error: Unauthorized for url: https://docs.google.com/s
2026-01-06 05:04:44,January 6,ERROR,Failed to fetch sheet 'January 6': 401 Client Error: Unauthorized for url: https://docs.google.com/s
2026-01-06 06:02:49,January 6,ERROR,Failed to fetch sheet 'January 6': 401 Client Error: Unauthorized for url: https://docs.google.com/s
2026-01-06 07:05:30,January 6,ERROR,Failed to fetch sheet 'January 6': 401 Client Error: Unauthorized for url: https://docs.google.com/s
2026-01-06 08:02:38,January 6,ERROR,Failed to fetch sheet 'January 6': 401 Client Error: Unauthorized for url: https://docs.google.com/s
2026-01-06 09:04:33,January 6,ERROR,Failed to fetch sheet 'January 6': 401 Client Error: Unauthorized for url: https://docs.google.com/s
2026-01-06 10:02:39,January 6,ERROR,Failed to fetch sheet 'January 6': 401 Client Error: Unauthorized for url: https://docs.google.com/s
2026-01-06 11:02:05,January 6,ERROR,Failed to fetch sheet 'January 6': 401 Client Error: Unauthorized for url: https://docs.google.com/s
2026-01-06 12:02:59,January 6,ERROR,Failed to fetch sheet 'January 6': 401 Client Error: Unauthorized for url: https://docs.google.com/s
2026-01-06 13:13:44,January 6,ERROR,Failed to fetch sheet 'January 6': 401 Client Error: Unauthorized for url: https://docs.google.com/s
2026-01-06 14:02:28,January 6,ERROR,Failed to fetch sheet 'January 6': 401 Client Error: Unauthorized for url: https://docs.google.com/s
2026-01-06 15:02:25,January 6,ERROR,Failed to fetch sheet 'January 6': 401 Client Error: Unauthorized for url: https://docs.google.com/s
2026-01-06 16:02:37,January 6,ERROR,Failed to fetch sheet 'January 6': 401 Client Error: Unauthorized for url: https://docs.google.com/s
2026-01-06 17:04:36,January 6,ERROR,Failed to fetch sheet 'January 6': 401 Client Error: Unauthorized for url: https://docs.google.com/s
2026-01-06 18:02:51,January 6,ERROR,Failed to fetch sheet 'January 6': 401 Client Error: Unauthorized for url: https://docs.google.com/s
2026-01-06 19:02:01,January 6,ERROR,Failed to fetch sheet 'January 6': 401 Client Error: Unauthorized for url: https://docs.google.com/s
2026-01-06 20:02:06,January 6,ERROR,Failed to fetch sheet 'January 6': 401 Client Error: Unauthorized for url: https://docs.google.com/s
2026-01-06 21:01:52,January 6,ERROR,Failed to fetch sheet 'January 6': 401 Client Error: Unauthorized for url: https://docs.google.com/s
2026-01-06 22:01:57,January 6,ERROR,Failed to fetch sheet 'January 6': 401 Client Error: Unauthorized for url: https://docs.google.com/s
2026-01-06 23:01:55,January 6,ERROR,Failed to fetch sheet 'January 6': 401 Client Error: Unauthorized for url: https://docs.google.com/s
2026-01-07 00:05:02,January 7,ERROR,Failed to fetch sheet 'January 7': 401 Client Error: Unauthorized for url: https://docs.google.com/s
2026-01-07 01:30:11,January 7,ERROR,Failed to fetch sheet 'January 7': 401 Client Error: Unauthorized for url: https://docs.google.com/s
2026-01-07 02:37:07,January 7,ERROR,Failed to fetch sheet 'January 7': 401 Client Error: Unauthorized for url: https://docs.google.com/s
2026-01-07 03:30:03,January 7,ERROR,Failed to fetch sheet 'January 7': 401 Client Error: Unauthorized for url: https://docs.google.com/s
2026-01-07 04:15:28,January 7,ERROR,Failed to fetch sheet 'January 7': 401 Client Error: Unauthorized for url: https://docs.google.com/s
2026-01-07 05:05:25,January 7,ERROR,Failed to fetch sheet 'January 7': 401 Client Error: Unauthorized for url: https://docs.google.com/s
2026-01-07 06:02:54,January 7,ERROR,Failed to fetch sheet 'January 7': 401 Client Error: Unauthorized for url: https://docs.google.com/s
2026-01-07 07:05:06,January 7,ERROR,Failed to fetch sheet 'January 7': 401 Client Error: Unauthorized for url: https://docs.google.com/s
2026-01-07 08:02:41,January 7,ERROR,Failed to fetch sheet 'January 7': 401 Client Error: Unauthorized for url: https://docs.google.com/s
2026-01-07 09:05:21,January 7,ERROR,Failed to fetch sheet 'January 7': 401 Client Error: Unauthorized for url: https://docs.google.com/s
2026-01-07 10:02:20,January 7,ERROR,Failed to fetch sheet 'January 7': 401 Client Error: Unauthorized for url: https://docs.google.com/s
2026-01-07 11:01:57,January 7,ERROR,Failed to fetch sheet 'January 7': 401 Client Error: Unauthorized for url: https://docs.google.com/s
2026-01-07 12:03:04,January 7,ERROR,Failed to fetch sheet 'January 7': 401 Client Error: Unauthorized for url: https://docs.google.com/s
2026-01-07 13:14:34,January 7,ERROR,Failed to fetch sheet 'January 7': 401 Client Error: Unauthorized for url: https://docs.google.com/s
2026-01-07 14:03:08,January 7,ERROR,Failed to fetch sheet 'January 7': 401 Client Error: Unauthorized for url: https://docs.google.com/s
2026-01-07 15:02:51,January 7,ERROR,Failed to fetch sheet 'January 7': 401 Client Error: Unauthorized for url: https://docs.google.com/s
2026-01-07 16:02:56,January 7,ERROR,Failed to fetch sheet 'January 7': 401 Client Error: Unauthorized for url: https://docs.google.com/s
2026-01-07 17:05:07,January 7,ERROR,Failed to fetch sheet 'January 7': 401 Client Error: Unauthorized for url: https://docs.google.com/s
2026-01-07 18:03:08,January 7,ERROR,Failed to fetch sheet 'January 7': 401 Client Error: Unauthorized for url: https://docs.google.com/s
2026-01-07 19:03:58,January 7,ERROR,Failed to fetch sheet 'January 7': 401 Client Error: Unauthorized for url: https://docs.google.com/s
2026-01-07 20:02:27,January 7,ERROR,Failed to fetch sheet 'January 7': 401 Client Error: Unauthorized for url: https://docs.google.com/s
2026-01-07 21:01:49,January 7,ERROR,Failed to fetch sheet 'January 7': 401 Client Error: Unauthorized for url: https://docs.google.com/s
2026-01-07 22:02:08,January 7,ERROR,Failed to fetch sheet 'January 7': 401 Client Error: Unauthorized for url: https://docs.google.com/s
2026-01-07 23:02:30,January 7,ERROR,Failed to fetch sheet 'January 7': 401 Client Error: Unauthorized for url: https://docs.google.com/s
2026-01-08 00:06:14,January 8,ERROR,Failed to fetch sheet 'January 8': 401 Client Error: Unauthorized for url: https://docs.google.com/s
2026-01-08 01:29:58,January 8,ERROR,Failed to fetch sheet 'January 8': 401 Client Error: Unauthorized for url: https://docs.google.com/s
2026-01-08 02:36:48,January 8,ERROR,Failed to fetch sheet 'January 8': 401 Client Error: Unauthorized for url: https://docs.google.com/s
2026-01-08 03:29:52,January 8,ERROR,Failed to fetch sheet 'January 8': 401 Client Error: Unauthorized for url: https://docs.google.com/s
2026-01-08 04:15:06,January 8,ERROR,Failed to fetch sheet 'January 8': 401 Client Error: Unauthorized for url: https://docs.google.com/s
2026-01-08 05:04:30,January 8,ERROR,Failed to fetch sheet 'January 8': 401 Client Error: Unauthorized for url: https://docs.google.com/s
2026-01-08 06:02:41,January 8,ERROR,Failed to fetch sheet 'January 8': 401 Client Error: Unauthorized for url: https://docs.google.com/s
2026-01-08 07:04:24,January 8,ERROR,Failed to fetch sheet 'January 8': 401 Client Error: Unauthorized for url: https://docs.google.com/s
2026-01-08 08:02:39,January 8,ERROR,Failed to fetch sheet 'January 8': 401 Client Error: Unauthorized for url: https://docs.google.com/s
2026-01-08 09:05:02,January 8,ERROR,Failed to fetch sheet 'January 8': 401 Client Error: Unauthorized for url: https://docs.google.com/s
2026-01-08 10:02:47,January 8,ERROR,Failed to fetch sheet 'January 8': 401 Client Error: Unauthorized for url: https://docs.google.com/s
2026-01-08 11:02:03,January 8,ERROR,Failed to fetch sheet 'January 8': 401 Client Error: Unauthorized for url: https://docs.google.com/s
2026-01-08 12:02:56,January 8,ERROR,Failed to fetch sheet 'January 8': 401 Client Error: Unauthorized for url: https://docs.google.com/s
2026-01-08 13:14:55,January 8,ERROR,Failed to fetch sheet 'January 8': 401 Client Error: Unauthorized for url: https://docs.google.com/s
2026-01-08 14:03:51,January 8,ERROR,Failed to fetch sheet 'January 8': 401 Client Error: Unauthorized for url: https://docs.google.com/s
2026-01-08 15:03:32,January 8,ERROR,Failed to fetch sheet 'January 8': 401 Client Error: Unauthorized for url: https://docs.google.com/s
2026-01-08 16:03:02,January 8,ERROR,Failed to fetch sheet 'January 8': 401 Client Error: Unauthorized for url: https://docs.google.com/s
2026-01-08 17:05:45,January 8,ERROR,Failed to fetch sheet 'January 8': 401 Client Error: Unauthorized for url: https://docs.google.com/s
2026-01-08 18:02:32,January 8,ERROR,Failed to fetch sheet 'January 8': 401 Client Error: Unauthorized for url: https://docs.google.com/s
2026-01-08 19:03:12,January 8,ERROR,Failed to fetch sheet 'January 8': 401 Client Error: Unauthorized for url: https://docs.google.com/s
2026-01-08 20:02:36,January 8,ERROR,Failed to fetch sheet 'January 8': 401 Client Error: Unauthorized for url: https://docs.google.com/s
2026-01-08 21:02:00,January 8,ERROR,Failed to fetch sheet 'January 8': 401 Client Error: Unauthorized for url: https://docs.google.com/s
2026-01-08 22:02:08,January 8,ERROR,Failed to fetch sheet 'January 8': 401 Client Error: Unauthorized for url: https://docs.google.com/s
2026-01-08 23:01:53,January 8,ERROR,Failed to fetch sheet 'January 8': 401 Client Error: Unauthorized for url: https://docs.google.com/s
2026-01-09 00:06:00,January 9,ERROR,Failed to fetch sheet 'January 9': 401 Client Error: Unauthorized for url: https://docs.google.com/s
2026-01-09 01:30:00,January 9,ERROR,Failed to fetch sheet 'January 9': 401 Client Error: Unauthorized for url: https://docs.google.com/s
2026-01-09 02:37:23,January 9,ERROR,Failed to fetch sheet 'January 9': 401 Client Error: Unauthorized for url: https://docs.google.com/s
2026-01-09 03:29:58,January 9,ERROR,Failed to fetch sheet 'January 9': 401 Client Error: Unauthorized for url: https://docs.google.com/s
2026-01-09 04:15:22,January 9,ERROR,Failed to fetch sheet 'January 9': 401 Client Error: Unauthorized for url: https://docs.google.com/s
2026-01-09 05:04:55,January 9,ERROR,Failed to fetch sheet 'January 9': 401 Client Error: Unauthorized for url: https://docs.google.com/s
2026-01-09 06:02:42,January 9,ERROR,Failed to fetch sheet 'January 9': 401 Client Error: Unauthorized for url: https://docs.google.com/s
2026-01-09 07:04:58,January 9,ERROR,Failed to fetch sheet 'January 9': 401 Client Error: Unauthorized for url: https://docs.google.com/s
2026-01-09 08:02:44,January 9,ERROR,Failed to fetch sheet 'January 9': 401 Client Error: Unauthorized for url: https://docs.google.com/s
2026-01-09 09:04:49,January 9,ERROR,Failed to fetch sheet 'January 9': 401 Client Error: Unauthorized for url: https://docs.google.com/s
2026-01-09 10:01:58,January 9,ERROR,Failed to fetch sheet 'January 9': 401 Client Error: Unauthorized for url: https://docs.google.com/s
2026-01-09 11:02:05,January 9,ERROR,Failed to fetch sheet 'January 9': 401 Client Error: Unauthorized for url: https://docs.google.com/s
2026-01-09 12:03:00,January 9,ERROR,Failed to fetch sheet 'January 9': 401 Client Error: Unauthorized for url: https://docs.google.com/s
2026-01-09 13:14:15,January 9,ERROR,Failed to fetch sheet 'January 9': 401 Client Error: Unauthorized for url: https://docs.google.com/s
2026-01-09 14:02:34,January 9,ERROR,Failed to fetch sheet 'January 9': 401 Client Error: Unauthorized for url: https://docs.google.com/s
2026-01-09 15:02:18,January 9,ERROR,Failed to fetch sheet 'January 9': 401 Client Error: Unauthorized for url: https://docs.google.com/s
2026-01-09 16:01:57,January 9,ERROR,Failed to fetch sheet 'January 9': 401 Client Error: Unauthorized for url: https://docs.google.com/s
2026-01-09 17:04:28,January 9,ERROR,Failed to fetch sheet 'January 9': 401 Client Error: Unauthorized for url: https://docs.google.com/s
2026-01-09 18:03:04,January 9,ERROR,Failed to fetch sheet 'January 9': 401 Client Error: Unauthorized for url: https://docs.google.com/s
2026-01-09 19:03:28,January 9,ERROR,Failed to fetch sheet 'January 9': 401 Client Error: Unauthorized for url: https://docs.google.com/s
2026-01-09 20:02:34,January 9,ERROR,Failed to fetch sheet 'January 9': 401 Client Error: Unauthorized for url: https://docs.google.com/s
2026-01-09 21:01:52,January 9,ERROR,Failed to fetch sheet 'January 9': 401 Client Error: Unauthorized for url: https://docs.google.com/s
2026-01-09 22:02:19,January 9,ERROR,Failed to fetch sheet 'January 9': 401 Client Error: Unauthorized for url: https://docs.google.com/s
2026-01-09 23:02:01,January 9,ERROR,Failed to fetch sheet 'January 9': 401 Client Error: Unauthorized for url: https://docs.google.com/s
2026-01-10 00:06:00,January 9,ERROR,Failed to fetch sheet 'January 9': 401 Client Error: Unauthorized for url: https://docs.google.com/s
2026-01-10 01:30:00,January 9,ERROR,Failed to fetch sheet 'January 9': 401 Client Error: Unauthorized for url: https://docs.google.com/s
2026-01-10 02:33:35,January 9,ERROR,Failed to fetch sheet 'January 9': 401 Client Error: Unauthorized for url: https://docs.google.com/s
2026-01-10 03:29:05,January 9,ERROR,Failed to fetch sheet 'January 9': 401 Client Error: Unauthorized for url: https://docs.google.com/s
2026-01-10 04:10:37,January 9,ERROR,Failed to fetch sheet 'January 9': 401 Client Error: Unauthorized for url: https://docs.google.com/s
2026-01-10 05:02:42,January 9,ERROR,Failed to fetch sheet 'January 9': 401 Client Error: Unauthorized for url: https://docs.google.com/s
2026-01-10 06:02:29,January 9,ERROR,"Failed to fetch sheet 'January 9': HTTPSConnectionPool(host='docs.google.com', port=443): Read timed"
2026-01-10 07:01:58,January 9,ERROR,Failed to fetch sheet 'January 9': 401 Client Error: Unauthorized for url: https://docs.google.com/s
2026-01-10 08:02:39,January 9,ERROR,Failed to fetch sheet 'January 9': 401 Client Error: Unauthorized for url: https://docs.google.com/s
2026-01-10 09:02:14,January 9,ERROR,Failed to fetch sheet 'January 9': 401 Client Error: Unauthorized for url: https://docs.google.com/s
2026-01-10 10:01:53,January 9,ERROR,Failed to fetch sheet 'January 9': 401 Client Error: Unauthorized for url: https://docs.google.com/s
2026-01-10 11:01:53,January 9,ERROR,Failed to fetch sheet 'January 9': 401 Client Error: Unauthorized for url: https://docs.google.com/s
2026-01-10 12:02:39,January 9,ERROR,Failed to fetch sheet 'January 9': 401 Client Error: Unauthorized for url: https://docs.google.com/s
2026-01-10 13:10:20,January 9,ERROR,Failed to fetch sheet 'January 9': 401 Client Error: Unauthorized for url: https://docs.google.com/s
2026-01-10 14:01:46,January 9,ERROR,Failed to fetch sheet 'January 9': 401 Client Error: Unauthorized for url: https://docs.google.com/s
2026-01-10 15:02:20,January 9,ERROR,Failed to fetch sheet 'January 9': 401 Client Error: Unauthorized for url: https://docs.google.com/s
2026-01-10 16:01:45,January 9,ERROR,Failed to fetch sheet 'January 9': 401 Client Error: Unauthorized for url: https://docs.google.com/s
2026-01-10 17:01:45,January 9,ERROR,Failed to fetch sheet 'January 9': 401 Client Error: Unauthorized for url: https://docs.google.com/s
2026-01-10 18:02:42,January 9,ERROR,Failed to fetch sheet 'January 9': 401 Client Error: Unauthorized for url: https://docs.google.com/s
2026-01-10 19:01:57,January 9,ERROR,Failed to fetch sheet 'January 9': 401 Client Error: Unauthorized for url: https://docs.google.com/s
2026-01-10 20:02:21,January 9,ERROR,Failed to fetch sheet 'January 9': 401 Client Error: Unauthorized for url: https://docs.google.com/s
2026-01-10 21:01:45,January 9,ERROR,Failed to fetch sheet 'January 9': 401 Client Error: Unauthorized for url: https://docs.google.com/s
2026-01-10 22:01:55,January 9,ERROR,Failed to fetch sheet 'January 9': 401 Client Error: Unauthorized for url: https://docs.google.com/s
2026-01-10 23:01:58,January 9,ERROR,Failed to fetch sheet 'January 9': 401 Client Error: Unauthorized for url: https://docs.google.com/s
2026-01-11 00:06:17,January 9,ERROR,Failed to fetch sheet 'January 9': 401 Client Error: Unauthorized for url: https://docs.google.com/s
2026-01-11 01:30:35,January 9,ERROR,Failed to fetch sheet 'January 9': 401 Client Error: Unauthorized for url: https://docs.google.com/s
2026-01-11 02:44:45,January 9,ERROR,Failed to fetch sheet 'January 9': 401 Client Error: Unauthorized for url: https://docs.google.com/s
2026-01-11 03:32:07,January 9,ERROR,Failed to fetch sheet 'January 9': 401 Client Error: Unauthorized for url: https://docs.google.com/s
2026-01-11 04:20:02,January 9,ERROR,Failed to fetch sheet 'January 9': 401 Client Error: Unauthorized for url: https://docs.google.com/s
2026-01-11 05:06:48,January 9,ERROR,Failed to fetch sheet 'January 9': 401 Client Error: Unauthorized for url: https://docs.google.com/s
2026-01-11 06:02:52,January 9,ERROR,Failed to fetch sheet 'January 9': 401 Client Error: Unauthorized for url: https://docs.google.com/s
2026-01-11 07:03:22,January 9,ERROR,Failed to fetch sheet 'January 9': 401 Client Error: Unauthorized for url: https://docs.google.com/s
2026-01-11 08:02:34,January 9,ERROR,Failed to fetch sheet 'January 9': 401 Client Error: Unauthorized for url: https://docs.google.com/s
2026-01-11 09:02:30,January 9,ERROR,Failed to fetch sheet 'January 9': 401 Client Error: Unauthorized for url: https://docs.google.com/s
2026-01-11 10:02:12,January 9,ERROR,Failed to fetch sheet 'January 9': 401 Client Error: Unauthorized for url: https://docs.google.com/s
2026-01-11 11:02:14,January 9,ERROR,Failed to fetch sheet 'January 9': 401 Client Error: Unauthorized for url: https://docs.google.com/s
2026-01-11 12:02:45,January 9,ERROR,Failed to fetch sheet 'January 9': 401 Client Error: Unauthorized for url: https://docs.google.com/s
2026-01-11 13:10:47,January 9,ERROR,Failed to fetch sheet 'January 9': 401 Client Error: Unauthorized for url: https://docs.google.com/s
2026-01-11 14:01:52,January 9,ERROR,Failed to fetch sheet 'January 9': 401 Client Error: Unauthorized for url: https://docs.google.com/s
2026-01-11 15:02:27,January 9,ERROR,Failed to fetch sheet 'January 9': 401 Client Error: Unauthorized for url: https://docs.google.com/s
2026-01-11 16:02:24,January 9,ERROR,Failed to fetch sheet 'January 9': 401 Client Error: Unauthorized for url: https://docs.google.com/s
2026-01-11 17:01:51,January 9,ERROR,Failed to fetch sheet 'January 9': 401 Client Error: Unauthorized for url: https://docs.google.com/s
2026-01-11 18:02:27,January 9,ERROR,Failed to fetch sheet 'January 9': 401 Client Error: Unauthorized for url: https://docs.google.com/s
2026-01-11 19:01:39,January 9,ERROR,Failed to fetch sheet 'January 9': 401 Client Error: Unauthorized for url: https://docs.google.com/s
2026-01-11 20:02:34,January 9,ERROR,Failed to fetch sheet 'January 9': 401 Client Error: Unauthorized for url: https://docs.google.com/s
2026-01-11 21:02:02,January 9,ERROR,Failed to fetch sheet 'January 9': 401 Client Error: Unauthorized for url: https://docs.google.com/s
2026-01-11 22:01:49,January 9,ERROR,Failed to fetch sheet 'January 9': 401 Client Error: Unauthorized for url: https://docs.google.com/s
2026-01-11 23:01:52,January 9,ERROR,Failed to fetch sheet 'January 9': 401 Client Error: Unauthorized for url: https://docs.google.com/s
2026-01-12 00:06:08,January 12,ERROR,Failed to fetch sheet 'January 12': 401 Client Error: Unauthorized for url: https://docs.google.com/
2026-01-12 01:30:33,January 12,ERROR,Failed to fetch sheet 'January 12': 401 Client Error: Unauthorized for url: https://docs.google.com/
